{"head":{"vars":["country","countryLabel","countryContent","countryAlias","countryWikilink","capital","capitalLabel","capitalContent","capitalAlias","capitalWikilink"]},"results":{"bindings":[{"country":{"type":"uri","value":"http://www.wikidata.org/entity/Q414"},"countryLabel":{"xml:lang":"en","type":"literal","value":"Argentina"},"countryContent":{"xml:lang":"en","type":"literal","value":"federal republic in South America"},"countryAlias":{"xml:lang":"en","type":"literal","value":"AR, ar, 游뷣릖, Argentine Republic"},"countryWikilink":{"type":"uri","value":"https://en.wikipedia.org/wiki/Argentina"},"capital":{"type":"uri","value":"http://www.wikidata.org/entity/Q1486"},"capitalLabel":{"xml:lang":"en","type":"literal","value":"Buenos Aires"},"capitalContent":{"xml:lang":"en","type":"literal","value":"capital city of Argentina"},"capitalAlias":{"xml:lang":"en","type":"literal","value":"Buenos Ayres, Autonomous City of Buenos Aires, Buenos Aires, Argentina"}},{"country":{"type":"uri","value":"http://www.wikidata.org/entity/Q750"},"countryLabel":{"xml:lang":"en","type":"literal","value":"Bolivia"},"countryContent":{"xml:lang":"en","type":"literal","value":"country in South America"},"countryAlias":{"xml:lang":"en","type":"literal","value":"bo, 游游"},"countryWikilink":{"type":"uri","value":"https://en.wikipedia.org/wiki/Bolivia"},"capital":{"type":"uri","value":"http://www.wikidata.org/entity/Q1491"},"capitalLabel":{"xml:lang":"en","type":"literal","value":"La Paz"},"capitalContent":{"xml:lang":"en","type":"literal","value":"De facto capital city of Bolivia"},"capitalAlias":{"xml:lang":"en","type":"literal","value":"La Paz, Bolivia, Nuestra Se침ora de La Paz"}},{"country":{"type":"uri","value":"http://www.wikidata.org/entity/Q750"},"countryLabel":{"xml:lang":"en","type":"literal","value":"Bolivia"},"countryContent":{"xml:lang":"en","type":"literal","value":"country in South America"},"countryAlias":{"xml:lang":"en","type":"literal","value":"bo, 游游"},"countryWikilink":{"type":"uri","value":"https://en.wikipedia.org/wiki/Bolivia"},"capital":{"type":"uri","value":"http://www.wikidata.org/entity/Q2907"},"capitalLabel":{"xml:lang":"en","type":"literal","value":"Sucre"},"capitalContent":{"xml:lang":"en","type":"literal","value":"constitutional capital of Bolivia"},"capitalAlias":{"xml:lang":"en","type":"literal","value":"La Plata, Chuquisaca, Charcas"}},{"country":{"type":"uri","value":"http://www.wikidata.org/entity/Q155"},"countryLabel":{"xml:lang":"en","type":"literal","value":"Brazil"},"countryContent":{"xml:lang":"en","type":"literal","value":"federal republic in South America"},"countryAlias":{"xml:lang":"en","type":"literal","value":"br, Brasil, BR, Federative Republic of Brazil, Rep칰blica Federativa do Brasil, Estados Unidos del Brazil, Federativa Rep칰blica do Brasil, Republic Federative of Brasil"},"countryWikilink":{"type":"uri","value":"https://en.wikipedia.org/wiki/Brazil"},"capital":{"type":"uri","value":"http://www.wikidata.org/entity/Q2844"},"capitalLabel":{"xml:lang":"en","type":"literal","value":"Bras칤lia"},"capitalContent":{"xml:lang":"en","type":"literal","value":"capital city of Brazil"},"capitalAlias":{"xml:lang":"en","type":"literal","value":"Brasilia"}},{"country":{"type":"uri","value":"http://www.wikidata.org/entity/Q298"},"countryLabel":{"xml:lang":"en","type":"literal","value":"Chile"},"countryContent":{"xml:lang":"en","type":"literal","value":"republic in South America"},"countryAlias":{"xml:lang":"en","type":"literal","value":"cl, 游뻟릖, Republic of Chile, Rep칰blica de Chile"},"countryWikilink":{"type":"uri","value":"https://en.wikipedia.org/wiki/Chile"},"capital":{"type":"uri","value":"http://www.wikidata.org/entity/Q2887"},"capitalLabel":{"xml:lang":"en","type":"literal","value":"Santiago"},"capitalContent":{"xml:lang":"en","type":"literal","value":"capital city of Chile"},"capitalAlias":{"xml:lang":"en","type":"literal","value":"Santiago de Chile"}},{"country":{"type":"uri","value":"http://www.wikidata.org/entity/Q739"},"countryLabel":{"xml:lang":"en","type":"literal","value":"Colombia"},"countryContent":{"xml:lang":"en","type":"literal","value":"republic in South America and Central America"},"countryAlias":{"xml:lang":"en","type":"literal","value":"co, United States of Colombia, Republic of Colombia, Rep칰blica de Colombia"},"countryWikilink":{"type":"uri","value":"https://en.wikipedia.org/wiki/Colombia"},"capital":{"type":"uri","value":"http://www.wikidata.org/entity/Q2841"},"capitalLabel":{"xml:lang":"en","type":"literal","value":"Bogota"},"capitalContent":{"xml:lang":"en","type":"literal","value":"capital of Colombia and department of Cundinamarca"},"capitalAlias":{"xml:lang":"en","type":"literal","value":"Capital District, Santa Fe de Bogot치"}},{"country":{"type":"uri","value":"http://www.wikidata.org/entity/Q736"},"countryLabel":{"xml:lang":"en","type":"literal","value":"Ecuador"},"countryContent":{"xml:lang":"en","type":"literal","value":"country in South America"},"countryAlias":{"xml:lang":"en","type":"literal","value":"ec, ecu, 游쀯릖"},"countryWikilink":{"type":"uri","value":"https://en.wikipedia.org/wiki/Ecuador"},"capital":{"type":"uri","value":"http://www.wikidata.org/entity/Q2900"},"capitalLabel":{"xml:lang":"en","type":"literal","value":"Riobamba"},"capitalContent":{"xml:lang":"en","type":"literal","value":"capital de Chimborazo Ecuador"},"capitalAlias":{"xml:lang":"en","type":"literal","value":"La SULTANA De Los Andes"}},{"country":{"type":"uri","value":"http://www.wikidata.org/entity/Q734"},"countryLabel":{"xml:lang":"en","type":"literal","value":"Guyana"},"countryContent":{"xml:lang":"en","type":"literal","value":"country in South America"},"countryAlias":{"xml:lang":"en","type":"literal","value":"Co-operative Republic of Guyana, gy, Republic of Guyana, 游섫릖"},"countryWikilink":{"type":"uri","value":"https://en.wikipedia.org/wiki/Guyana"},"capital":{"type":"uri","value":"http://www.wikidata.org/entity/Q10717"},"capitalLabel":{"xml:lang":"en","type":"literal","value":"Georgetown"},"capitalContent":{"xml:lang":"en","type":"literal","value":"city of Guyana"},"capitalAlias":{"xml:lang":"en","type":"literal","value":"Garden City of the Caribbean"}},{"country":{"type":"uri","value":"http://www.wikidata.org/entity/Q804"},"countryLabel":{"xml:lang":"en","type":"literal","value":"Panama"},"countryContent":{"xml:lang":"en","type":"literal","value":"republic in Central America"},"countryAlias":{"xml:lang":"en","type":"literal","value":"pa, Republic of Panama, 游왫릖"},"countryWikilink":{"type":"uri","value":"https://en.wikipedia.org/wiki/Panama"},"capital":{"type":"uri","value":"http://www.wikidata.org/entity/Q3306"},"capitalLabel":{"xml:lang":"en","type":"literal","value":"Panama City"},"capitalContent":{"xml:lang":"en","type":"literal","value":"capital of Panama"},"capitalAlias":{"xml:lang":"en","type":"literal","value":"Panama"}},{"country":{"type":"uri","value":"http://www.wikidata.org/entity/Q733"},"countryLabel":{"xml:lang":"en","type":"literal","value":"Paraguay"},"countryContent":{"xml:lang":"en","type":"literal","value":"country in South America"},"countryAlias":{"xml:lang":"en","type":"literal","value":"py, Republic of Paraguay, 游왫릖"},"countryWikilink":{"type":"uri","value":"https://en.wikipedia.org/wiki/Paraguay"},"capital":{"type":"uri","value":"http://www.wikidata.org/entity/Q2933"},"capitalLabel":{"xml:lang":"en","type":"literal","value":"Asunci칩n"},"capitalContent":{"xml:lang":"en","type":"literal","value":"capital of Paraguay"},"capitalAlias":{"xml:lang":"en","type":"literal","value":"Asu, Asuncion"}},{"country":{"type":"uri","value":"http://www.wikidata.org/entity/Q419"},"countryLabel":{"xml:lang":"en","type":"literal","value":"Peru"},"countryContent":{"xml:lang":"en","type":"literal","value":"republic in South America"},"countryAlias":{"xml:lang":"en","type":"literal","value":"Republic of Peru, Rep칰blica del Per칰"},"countryWikilink":{"type":"uri","value":"https://en.wikipedia.org/wiki/Peru"},"capital":{"type":"uri","value":"http://www.wikidata.org/entity/Q2868"},"capitalLabel":{"xml:lang":"en","type":"literal","value":"Lima"},"capitalContent":{"xml:lang":"en","type":"literal","value":"capital of Peru"},"capitalAlias":{"xml:lang":"en","type":"literal","value":"Lima, Peru"}},{"country":{"type":"uri","value":"http://www.wikidata.org/entity/Q757"},"countryLabel":{"xml:lang":"en","type":"literal","value":"Saint Vincent and the Grenadines"},"countryContent":{"xml:lang":"en","type":"literal","value":"country in the Caribbean"},"countryAlias":{"xml:lang":"en","type":"literal","value":"vc, St Vincent, St. Vincent, Saint Vincent, St Vincent and the Grenadines, St. Vincent and the Grenadines, 游游"},"countryWikilink":{"type":"uri","value":"https://en.wikipedia.org/wiki/Saint%20Vincent%20and%20the%20Grenadines"},"capital":{"type":"uri","value":"http://www.wikidata.org/entity/Q41474"},"capitalLabel":{"xml:lang":"en","type":"literal","value":"Kingstown"},"capitalContent":{"xml:lang":"en","type":"literal","value":"capital of Saint Vincent and the Grenadines"}},{"country":{"type":"uri","value":"http://www.wikidata.org/entity/Q730"},"countryLabel":{"xml:lang":"en","type":"literal","value":"Suriname"},"countryContent":{"xml:lang":"en","type":"literal","value":"country in South America"},"countryAlias":{"xml:lang":"en","type":"literal","value":"sr, Dutch Guiana, Surinam, Republic of Surinam, Republic of Suriname, 游젏릖"},"countryWikilink":{"type":"uri","value":"https://en.wikipedia.org/wiki/Suriname"},"capital":{"type":"uri","value":"http://www.wikidata.org/entity/Q3001"},"capitalLabel":{"xml:lang":"en","type":"literal","value":"Paramaribo"},"capitalContent":{"xml:lang":"en","type":"literal","value":"capital of Suriname"}},{"country":{"type":"uri","value":"http://www.wikidata.org/entity/Q77"},"countryLabel":{"xml:lang":"en","type":"literal","value":"Uruguay"},"countryContent":{"xml:lang":"en","type":"literal","value":"republic in South America"},"countryAlias":{"xml:lang":"en","type":"literal","value":"Rep칰blica Oriental del Uruguay, uy, 游쥟릖"},"countryWikilink":{"type":"uri","value":"https://en.wikipedia.org/wiki/Uruguay"},"capital":{"type":"uri","value":"http://www.wikidata.org/entity/Q1335"},"capitalLabel":{"xml:lang":"en","type":"literal","value":"Montevideo"},"capitalContent":{"xml:lang":"en","type":"literal","value":"capital city of Uruguay"}},{"country":{"type":"uri","value":"http://www.wikidata.org/entity/Q717"},"countryLabel":{"xml:lang":"en","type":"literal","value":"Venezuela"},"countryContent":{"xml:lang":"en","type":"literal","value":"republic in northern South America"},"countryAlias":{"xml:lang":"en","type":"literal","value":"VE, Bolivarian Republic of Venezuela, BR Venezuela, Estados Unidos de Venezuela"},"countryWikilink":{"type":"uri","value":"https://en.wikipedia.org/wiki/Venezuela"},"capital":{"type":"uri","value":"http://www.wikidata.org/entity/Q1533"},"capitalLabel":{"xml:lang":"en","type":"literal","value":"Caracas"},"capitalContent":{"xml:lang":"en","type":"literal","value":"Capital of Venezuela"},"capitalAlias":{"xml:lang":"en","type":"literal","value":"Santiago de Le칩n de Caracas"}}]}}